"Employment and average weekly earnings (including overtime) for all employees by province and territory, monthly, seasonally adjusted 1 2 3 4 5"
"Frequency: Monthly"
"Table: 14-10-0223-01 (formerly CANSIM 281-0063)"
"Release date: 2026-02-26"
"Geography: Canada, Province or territory"
""
""

"Estimate","Employment for all employees",,,,,,,,,,,,,,,,,,,,,,,,,,,,,,,,,,,,,,,,,,,,,,,,,,,,,,,,,,,,,,,,,,,,,,,,,,,,,,,,,,,,,,,,,,,,,,,,,,,,,,,,,,,,,,,,,,,,,,,,,,,,,,,,,,,,,,,,,,,,,,,,,,,,,,,,,,,,,,,,,,,,,,,,,,,,,,,,,,,,,,,,,,,,,,,,,,,,,,,,,,,,,,,,,,,,,,,,,,,,,,,,,,,,,,,,,,,,,,,,,,,,,,,,,,,,,,,,,,,,,,,,,,,,,,,,,,,,,,,,,,,,,,,,,,,,,,,,,,,,"Average weekly earnings including overtime for all employees 6",,,,,,,,,,,,,,,,,,,,,,,,,,,,,,,,,,,,,,,,,,,,,,,,,,,,,,,,,,,,,,,,,,,,,,,,,,,,,,,,,,,,,,,,,,,,,,,,,,,,,,,,,,,,,,,,,,,,,,,,,,,,,,,,,,,,,,,,,,,,,,,,,,,,,,,,,,,,,,,,,,,,,,,,,,,,,,,,,,,,,,,,,,,,,,,,,,,,,,,,,,,,,,,,,,,,,,,,,,,,,,,,,,,,,,,,,,,,,,,,,,,,,,,,,,,,,,,,,,,,,,,,,,,,,,,,,,,,,,,,,,,,,,,,,,,,,,,,,,,
"North American Industry Classification System (NAICS) 5","Industrial aggregate including unclassified businesses 6 7",,,,,,,,,,,,,,,,,,,,,,,,,,,,,,,,,,,,,,,,,,,,,,,,,,,,,,,,,,,,,,,,,,,,,,,,,,,,,,,,,,,,,,,,,,,,,,,,,,,,,,,,,,,,,,,,,,,,,,,,,,,,,,,,,,,,,,,,,,,,,,,,,,,,,,,,,,,,,,,,,,,,,,,,,,,,,,,,,,,,,,,,,,,,,,,,,,,,,,,,,,,,,,,,,,,,,,,,,,,,,,,,,,,,,,,,,,,,,,,,,,,,,,,,,,,,,,,,,,,,,,,,,,,,,,,,,,,,,,,,,,,,,,,,,,,,,,,,,,,,"Industrial aggregate including unclassified businesses 6 7",,,,,,,,,,,,,,,,,,,,,,,,,,,,,,,,,,,,,,,,,,,,,,,,,,,,,,,,,,,,,,,,,,,,,,,,,,,,,,,,,,,,,,,,,,,,,,,,,,,,,,,,,,,,,,,,,,,,,,,,,,,,,,,,,,,,,,,,,,,,,,,,,,,,,,,,,,,,,,,,,,,,,,,,,,,,,,,,,,,,,,,,,,,,,,,,,,,,,,,,,,,,,,,,,,,,,,,,,,,,,,,,,,,,,,,,,,,,,,,,,,,,,,,,,,,,,,,,,,,,,,,,,,,,,,,,,,,,,,,,,,,,,,,,,,,,,,,,,,,
"Geography","January 2001","February 2001","March 2001","April 2001","May 2001","June 2001","July 2001","August 2001","September 2001","October 2001","November 2001","December 2001","January 2002","February 2002","March 2002","April 2002","May 2002","June 2002","July 2002","August 2002","September 2002","October 2002","November 2002","December 2002","January 2003","February 2003","March 2003","April 2003","May 2003","June 2003","July 2003","August 2003","September 2003","October 2003","November 2003","December 2003","January 2004","February 2004","March 2004","April 2004","May 2004","June 2004","July 2004","August 2004","September 2004","October 2004","November 2004","December 2004","January 2005","February 2005","March 2005","April 2005","May 2005","June 2005","July 2005","August 2005","September 2005","October 2005","November 2005","December 2005","January 2006","February 2006","March 2006","April 2006","May 2006","June 2006","July 2006","August 2006","September 2006","October 2006","November 2006","December 2006","January 2007","February 2007","March 2007","April 2007","May 2007","June 2007","July 2007","August 2007","September 2007","October 2007","November 2007","December 2007","January 2008","February 2008","March 2008","April 2008","May 2008","June 2008","July 2008","August 2008","September 2008","October 2008","November 2008","December 2008","January 2009","February 2009","March 2009","April 2009","May 2009","June 2009","July 2009","August 2009","September 2009","October 2009","November 2009","December 2009","January 2010","February 2010","March 2010","April 2010","May 2010","June 2010","July 2010","August 2010","September 2010","October 2010","November 2010","December 2010","January 2011","February 2011","March 2011","April 2011","May 2011","June 2011","July 2011","August 2011","September 2011","October 2011","November 2011","December 2011","January 2012","February 2012","March 2012","April 2012","May 2012","June 2012","July 2012","August 2012","September 2012","October 2012","November 2012","December 2012","January 2013","February 2013","March 2013","April 2013","May 2013","June 2013","July 2013","August 2013","September 2013","October 2013","November 2013","December 2013","January 2014","February 2014","March 2014","April 2014","May 2014","June 2014","July 2014","August 2014","September 2014","October 2014","November 2014","December 2014","January 2015","February 2015","March 2015","April 2015","May 2015","June 2015","July 2015","August 2015","September 2015","October 2015","November 2015","December 2015","January 2016","February 2016","March 2016","April 2016","May 2016","June 2016","July 2016","August 2016","September 2016","October 2016","November 2016","December 2016","January 2017","February 2017","March 2017","April 2017","May 2017","June 2017","July 2017","August 2017","September 2017","October 2017","November 2017","December 2017","January 2018","February 2018","March 2018","April 2018","May 2018","June 2018","July 2018","August 2018","September 2018","October 2018","November 2018","December 2018","January 2019","February 2019","March 2019","April 2019","May 2019","June 2019","July 2019","August 2019","September 2019","October 2019","November 2019","December 2019","January 2020","February 2020","March 2020","April 2020","May 2020","June 2020","July 2020","August 2020","September 2020","October 2020","November 2020","December 2020","January 2021","February 2021","March 2021","April 2021","May 2021","June 2021","July 2021","August 2021","September 2021","October 2021","November 2021","December 2021","January 2022","February 2022","March 2022","April 2022","May 2022","June 2022","July 2022","August 2022","September 2022","October 2022","November 2022","December 2022","January 2023","February 2023","March 2023","April 2023","May 2023","June 2023","July 2023","August 2023","September 2023","October 2023","November 2023","December 2023","January 2024","February 2024","March 2024","April 2024","May 2024","June 2024","July 2024","August 2024","September 2024","October 2024","November 2024","December 2024","January 2025","February 2025","March 2025","April 2025","May 2025","June 2025","July 2025","August 2025","September 2025","October 2025","November 2025","December 2025","January 2001","February 2001","March 2001","April 2001","May 2001","June 2001","July 2001","August 2001","September 2001","October 2001","November 2001","December 2001","January 2002","February 2002","March 2002","April 2002","May 2002","June 2002","July 2002","August 2002","September 2002","October 2002","November 2002","December 2002","January 2003","February 2003","March 2003","April 2003","May 2003","June 2003","July 2003","August 2003","September 2003","October 2003","November 2003","December 2003","January 2004","February 2004","March 2004","April 2004","May 2004","June 2004","July 2004","August 2004","September 2004","October 2004","November 2004","December 2004","January 2005","February 2005","March 2005","April 2005","May 2005","June 2005","July 2005","August 2005","September 2005","October 2005","November 2005","December 2005","January 2006","February 2006","March 2006","April 2006","May 2006","June 2006","July 2006","August 2006","September 2006","October 2006","November 2006","December 2006","January 2007","February 2007","March 2007","April 2007","May 2007","June 2007","July 2007","August 2007","September 2007","October 2007","November 2007","December 2007","January 2008","February 2008","March 2008","April 2008","May 2008","June 2008","July 2008","August 2008","September 2008","October 2008","November 2008","December 2008","January 2009","February 2009","March 2009","April 2009","May 2009","June 2009","July 2009","August 2009","September 2009","October 2009","November 2009","December 2009","January 2010","February 2010","March 2010","April 2010","May 2010","June 2010","July 2010","August 2010","September 2010","October 2010","November 2010","December 2010","January 2011","February 2011","March 2011","April 2011","May 2011","June 2011","July 2011","August 2011","September 2011","October 2011","November 2011","December 2011","January 2012","February 2012","March 2012","April 2012","May 2012","June 2012","July 2012","August 2012","September 2012","October 2012","November 2012","December 2012","January 2013","February 2013","March 2013","April 2013","May 2013","June 2013","July 2013","August 2013","September 2013","October 2013","November 2013","December 2013","January 2014","February 2014","March 2014","April 2014","May 2014","June 2014","July 2014","August 2014","September 2014","October 2014","November 2014","December 2014","January 2015","February 2015","March 2015","April 2015","May 2015","June 2015","July 2015","August 2015","September 2015","October 2015","November 2015","December 2015","January 2016","February 2016","March 2016","April 2016","May 2016","June 2016","July 2016","August 2016","September 2016","October 2016","November 2016","December 2016","January 2017","February 2017","March 2017","April 2017","May 2017","June 2017","July 2017","August 2017","September 2017","October 2017","November 2017","December 2017","January 2018","February 2018","March 2018","April 2018","May 2018","June 2018","July 2018","August 2018","September 2018","October 2018","November 2018","December 2018","January 2019","February 2019","March 2019","April 2019","May 2019","June 2019","July 2019","August 2019","September 2019","October 2019","November 2019","December 2019","January 2020","February 2020","March 2020","April 2020","May 2020","June 2020","July 2020","August 2020","September 2020","October 2020","November 2020","December 2020","January 2021","February 2021","March 2021","April 2021","May 2021","June 2021","July 2021","August 2021","September 2021","October 2021","November 2021","December 2021","January 2022","February 2022","March 2022","April 2022","May 2022","June 2022","July 2022","August 2022","September 2022","October 2022","November 2022","December 2022","January 2023","February 2023","March 2023","April 2023","May 2023","June 2023","July 2023","August 2023","September 2023","October 2023","November 2023","December 2023","January 2024","February 2024","March 2024","April 2024","May 2024","June 2024","July 2024","August 2024","September 2024","October 2024","November 2024","December 2024","January 2025","February 2025","March 2025","April 2025","May 2025","June 2025","July 2025","August 2025","September 2025","October 2025","November 2025","December 2025"
,"Persons",,,,,,,,,,,,,,,,,,,,,,,,,,,,,,,,,,,,,,,,,,,,,,,,,,,,,,,,,,,,,,,,,,,,,,,,,,,,,,,,,,,,,,,,,,,,,,,,,,,,,,,,,,,,,,,,,,,,,,,,,,,,,,,,,,,,,,,,,,,,,,,,,,,,,,,,,,,,,,,,,,,,,,,,,,,,,,,,,,,,,,,,,,,,,,,,,,,,,,,,,,,,,,,,,,,,,,,,,,,,,,,,,,,,,,,,,,,,,,,,,,,,,,,,,,,,,,,,,,,,,,,,,,,,,,,,,,,,,,,,,,,,,,,,,,,,,,,,,,,,"Dollars",,,,,,,,,,,,,,,,,,,,,,,,,,,,,,,,,,,,,,,,,,,,,,,,,,,,,,,,,,,,,,,,,,,,,,,,,,,,,,,,,,,,,,,,,,,,,,,,,,,,,,,,,,,,,,,,,,,,,,,,,,,,,,,,,,,,,,,,,,,,,,,,,,,,,,,,,,,,,,,,,,,,,,,,,,,,,,,,,,,,,,,,,,,,,,,,,,,,,,,,,,,,,,,,,,,,,,,,,,,,,,,,,,,,,,,,,,,,,,,,,,,,,,,,,,,,,,,,,,,,,,,,,,,,,,,,,,,,,,,,,,,,,,,,,,,,,,,,,,,
"Canada","12,918,423","13,006,694","12,963,994","12,974,466","13,026,699","12,980,546","12,932,728","12,969,183","12,930,864","12,952,903","12,938,565","12,954,108","12,980,991","13,054,636","13,054,877","13,074,907","13,111,536","13,142,646","13,185,912","13,290,506","13,262,162","13,259,602","13,295,836","13,290,659","13,359,011","13,354,596","13,424,818","13,403,201","13,414,116","13,445,833","13,427,048","13,435,369","13,419,617","13,471,269","13,477,826","13,480,100","13,538,626","13,496,531","13,557,693","13,610,569","13,636,867","13,653,942","13,700,178","13,643,482","13,708,379","13,726,025","13,724,241","13,790,202","13,790,724","13,822,299","13,833,334","13,886,802","13,886,208","13,934,853","13,941,036","13,969,343","13,995,589","14,007,315","14,046,613","14,083,053","14,164,899","14,209,690","14,226,590","14,259,068","14,288,488","14,318,544","14,292,860","14,296,779","14,337,176","14,303,504","14,437,060","14,456,904","14,515,036","14,534,477","14,531,300","14,551,974","14,573,556","14,601,199","14,612,121","14,629,022","14,631,413","14,696,159","14,695,281","14,697,294","14,814,617","14,809,470","14,849,498","14,861,369","14,884,204","14,906,178","14,891,182","14,927,692","14,914,913","14,929,377","14,864,030","14,819,721","14,745,586","14,710,947","14,647,790","14,595,259","14,580,657","14,558,892","14,594,006","14,512,108","14,559,670","14,589,292","14,573,083","14,592,649","14,608,223","14,631,847","14,658,163","14,688,935","14,693,716","14,732,318","14,797,152","14,769,389","14,817,360","14,841,783","14,834,883","14,892,638","14,887,575","14,910,231","14,933,976","14,955,342","14,930,375","15,008,856","15,019,741","15,022,478","15,073,655","15,067,537","15,098,636","15,101,123","15,099,457","15,094,112","15,136,587","15,191,630","15,262,709","15,296,001","15,304,957","15,333,432","15,330,905","15,309,337","15,346,111","15,318,299","15,331,260","15,368,537","15,402,292","15,414,461","15,395,323","15,380,372","15,438,798","15,519,851","15,497,232","15,523,807","15,521,423","15,507,921","15,514,828","15,514,022","15,547,137","15,539,561","15,607,853","15,627,534","15,662,371","15,707,662","15,693,683","15,716,520","15,687,519","15,690,416","15,741,111","15,741,158","15,742,586","15,783,786","15,817,280","15,788,014","15,827,665","15,797,812","15,815,140","15,876,389","15,852,646","15,883,968","15,873,052","15,855,453","15,893,576","15,957,654","15,958,809","16,021,625","16,013,877","15,994,771","16,052,994","16,053,338","16,072,639","16,131,727","16,117,028","16,176,437","16,182,207","16,208,025","16,246,739","16,343,142","16,352,300","16,404,098","16,434,641","16,410,370","16,430,625","16,489,895","16,489,682","16,531,352","16,580,687","16,583,860","16,654,625","16,693,982","16,669,376","16,710,354","16,744,792","16,792,292","16,811,817","16,801,388","16,877,619","16,915,715","16,939,172","16,941,865","16,990,698","16,990,695","17,049,872","17,072,169","17,049,944","17,060,200","17,072,473","17,082,812","17,120,860","17,095,540","16,135,482","14,265,485","13,765,832","14,415,828","15,152,044","15,486,044","15,818,837","16,003,696","15,957,998","16,006,086","15,872,364","15,937,859","16,180,986","16,312,453","16,089,201","16,303,149","16,608,613","16,698,922","16,779,518","16,910,627","16,977,735","17,081,377","17,073,796","17,190,191","17,321,275","17,460,293","17,446,862","17,566,491","17,598,648","17,611,826","17,694,119","17,711,497","17,772,704","17,839,347","17,879,677","17,925,305","17,928,919","17,870,123","17,997,928","18,051,652","18,056,441","18,052,994","18,097,065","18,091,433","18,021,963","18,068,932","18,095,772","18,108,983","18,155,180","18,184,610","18,207,866","18,180,422","18,215,973","18,242,546","18,221,823","18,217,002","18,201,494","18,267,895","18,282,291","18,242,092","18,221,173","18,235,809","18,254,276","18,245,175","18,270,797","18,288,398","18,264,136","18,276,020","18,274,979","18,239,574","..","..","..","..","..","..","..","..","..","..","..","..","..","..","..","..","..","..","..","..","..","..","..","..","..","..","..","..","..","..","..","..","..","..","..","..","..","..","..","..","..","..","..","..","..","..","..","..","..","..","..","..","..","..","..","..","..","..","..","..","..","..","..","..","..","..","..","..","..","..","..","..","..","..","..","..","..","..","..","..","..","..","..","..","..","..","..","..","..","..","..","..","..","..","..","..","..","..","..","..","..","..","..","..","..","..","..","..","..","..","..","..","..","..","..","..","..","..","..","..","..","..","..","..","..","..","..","..","..","..","..","..","..","..","..","..","..","..","..","..","..","..","..","..","..","..","..","..","..","..","..","..","..","..","..","..","..","..","..","..","..","..","..","..","..","..","..","..","..","..","..","..","..","..","..","..","..","..","..","..","..","..","..","..","..","..","..","..","..","..","..","..","..","..","..","..","..","..","..","..","..","..","..","..","..","..","..","..","..","..","..","..","..","..","..","..","..","..","..","..","..","..","..","..","..","..","..","..","..","..","..","..","..","..","..","..","..","..","..","..","..","..","..","..","..","..","..","..","..","..","..","..","..","..","..","..","..","..","..","..","..","..","..","..","..","..","..","..","..","..","..","..","..","..","..","..","..","..","..","..","..","..","..","..","..","..","..","..","..","..","..","..","..","..","..","..","..","..","..",".."
"Newfoundland and Labrador","175,886","176,532","175,342","176,673","178,010","178,533","180,571","181,330","182,298","182,065","183,259","181,292","183,546","184,949","184,830","186,029","179,731","181,272","182,078","182,498","180,928","181,848","181,927","180,170","180,593","179,985","180,876","179,729","181,500","181,251","180,388","182,001","181,652","182,734","179,998","182,299","181,694","180,916","181,512","179,627","179,201","180,717","179,024","179,552","180,382","179,947","182,029","182,800","180,716","180,522","180,762","180,181","175,657","178,777","178,063","175,769","175,736","175,275","175,159","174,942","178,933","178,956","178,805","181,589","183,345","182,175","183,516","181,257","181,776","182,206","183,416","183,062","182,754","183,229","183,071","184,127","186,496","188,024","188,262","188,805","189,871","189,516","187,960","190,222","191,282","190,810","189,718","190,088","191,619","193,818","194,902","195,969","194,666","194,721","194,599","194,422","193,155","194,331","195,816","194,149","192,630","191,183","191,278","193,475","194,980","195,967","196,641","195,492","197,373","197,234","197,783","196,843","197,683","199,991","200,138","200,143","200,675","202,029","204,154","204,112","203,828","203,817","204,492","206,690","205,809","204,222","205,584","205,487","206,709","207,853","206,833","207,847","208,542","208,607","208,920","210,978","210,652","211,626","211,323","210,904","212,128","211,442","212,079","213,295","214,869","214,913","215,298","214,491","215,504","214,935","214,203","215,222","215,657","216,023","216,184","216,631","216,300","217,483","217,736","217,475","218,739","218,121","220,039","219,195","217,500","218,017","218,927","219,210","218,529","219,450","219,473","219,916","223,136","223,771","225,444","223,543","220,210","220,583","220,265","219,941","219,701","219,698","220,599","222,724","221,358","222,383","220,376","220,076","222,671","222,082","222,482","221,999","222,016","221,092","220,506","219,754","218,184","219,041","218,806","220,515","219,207","219,778","218,560","217,734","217,123","215,542","215,904","214,993","214,477","214,812","215,173","215,425","216,628","215,839","215,582","215,445","216,183","217,391","217,081","217,289","215,177","214,745","216,535","216,698","217,230","219,636","216,028","215,951","215,532","216,727","207,128","179,710","175,459","186,337","191,252","197,766","201,014","204,206","205,987","207,614","208,141","207,205","204,972","209,395","212,531","209,792","209,711","210,357","211,183","210,574","212,073","212,791","212,757","213,638","215,877","219,149","218,280","219,918","217,326","218,770","217,336","218,621","218,881","219,655","221,349","221,847","221,401","218,026","215,612","221,094","222,455","222,058","221,133","220,487","220,009","219,130","219,065","219,287","218,830","218,521","221,181","218,373","217,706","216,943","219,246","218,947","218,681","220,231","219,525","219,224","219,717","220,484","221,201","221,881","222,620","221,309","220,568","219,851","219,177","219,281","..","..","..","..","..","..","..","..","..","..","..","..","..","..","..","..","..","..","..","..","..","..","..","..","..","..","..","..","..","..","..","..","..","..","..","..","..","..","..","..","..","..","..","..","..","..","..","..","..","..","..","..","..","..","..","..","..","..","..","..","..","..","..","..","..","..","..","..","..","..","..","..","..","..","..","..","..","..","..","..","..","..","..","..","..","..","..","..","..","..","..","..","..","..","..","..","..","..","..","..","..","..","..","..","..","..","..","..","..","..","..","..","..","..","..","..","..","..","..","..","..","..","..","..","..","..","..","..","..","..","..","..","..","..","..","..","..","..","..","..","..","..","..","..","..","..","..","..","..","..","..","..","..","..","..","..","..","..","..","..","..","..","..","..","..","..","..","..","..","..","..","..","..","..","..","..","..","..","..","..","..","..","..","..","..","..","..","..","..","..","..","..","..","..","..","..","..","..","..","..","..","..","..","..","..","..","..","..","..","..","..","..","..","..","..","..","..","..","..","..","..","..","..","..","..","..","..","..","..","..","..","..","..","..","..","..","..","..","..","..","..","..","..","..","..","..","..","..","..","..","..","..","..","..","..","..","..","..","..","..","..","..","..","..","..","..","..","..","..","..","..","..","..","..","..","..","..","..","..","..","..","..","..","..","..","..","..","..","..","..","..","..","..","..","..","..","..","..","..",".."
"Prince Edward Island","56,409","57,099","57,946","56,249","56,387","57,412","56,539","57,177","57,145","56,789","57,116","57,029","57,333","57,059","56,469","56,995","57,249","55,863","56,587","57,307","57,458","57,940","58,182","57,650","57,458","57,165","57,184","58,125","58,482","59,207","59,191","59,200","58,865","59,221","58,550","57,522","59,240","59,076","59,507","59,311","60,663","60,343","62,366","60,585","60,060","59,884","60,189","61,182","60,692","60,749","60,629","61,328","59,842","61,035","61,479","61,161","61,649","61,643","61,127","62,531","61,153","61,081","60,938","60,801","60,646","60,334","59,479","59,311","60,362","59,729","60,545","60,375","61,399","61,993","61,860","61,423","58,279","60,644","60,948","61,090","60,976","61,390","61,731","61,321","61,942","61,840","61,547","61,108","60,614","60,747","60,462","60,381","60,552","61,987","61,786","61,413","62,044","61,749","61,913","62,150","62,561","62,979","62,731","63,788","63,474","63,493","63,394","63,688","63,007","63,120","63,585","63,691","64,548","64,356","65,530","64,944","64,645","64,166","64,157","64,594","64,405","64,267","64,291","64,932","64,882","65,246","64,727","64,025","64,756","63,972","64,079","63,963","63,420","63,973","63,898","64,418","64,603","64,844","64,020","63,733","62,999","63,017","63,302","63,069","63,635","62,821","63,344","62,167","61,838","61,136","62,468","62,792","62,967","63,839","62,626","62,847","62,986","63,623","63,354","62,888","62,711","62,253","62,236","62,475","62,543","62,379","62,769","62,268","62,779","62,052","61,676","62,306","62,107","62,132","63,530","62,726","62,915","63,143","63,366","63,453","62,759","62,925","63,122","63,260","63,352","63,836","63,168","63,298","64,100","63,667","64,040","64,166","64,481","64,727","65,225","65,658","66,622","67,161","66,295","66,823","65,957","66,499","65,673","65,833","65,883","65,982","66,086","66,314","66,685","67,207","66,826","68,348","67,330","67,167","67,729","67,525","67,826","68,411","68,505","68,594","68,297","69,099","69,999","70,197","70,602","70,244","69,765","70,241","70,226","69,930","66,856","59,792","57,310","61,210","62,806","63,542","64,860","66,542","67,089","67,797","68,515","69,097","69,132","69,627","68,737","68,336","68,688","68,537","69,832","70,737","71,785","72,786","72,608","73,164","73,906","74,530","74,988","75,031","74,759","74,948","74,810","74,918","75,646","75,863","76,044","76,035","76,610","75,594","77,298","78,315","77,835","77,759","77,959","77,474","77,274","76,468","77,158","77,326","77,180","78,140","78,364","78,503","79,344","79,505","78,988","78,929","78,050","78,646","78,361","77,460","77,813","78,101","79,416","80,225","79,229","77,647","78,865","78,557","77,895","77,697","..","..","..","..","..","..","..","..","..","..","..","..","..","..","..","..","..","..","..","..","..","..","..","..","..","..","..","..","..","..","..","..","..","..","..","..","..","..","..","..","..","..","..","..","..","..","..","..","..","..","..","..","..","..","..","..","..","..","..","..","..","..","..","..","..","..","..","..","..","..","..","..","..","..","..","..","..","..","..","..","..","..","..","..","..","..","..","..","..","..","..","..","..","..","..","..","..","..","..","..","..","..","..","..","..","..","..","..","..","..","..","..","..","..","..","..","..","..","..","..","..","..","..","..","..","..","..","..","..","..","..","..","..","..","..","..","..","..","..","..","..","..","..","..","..","..","..","..","..","..","..","..","..","..","..","..","..","..","..","..","..","..","..","..","..","..","..","..","..","..","..","..","..","..","..","..","..","..","..","..","..","..","..","..","..","..","..","..","..","..","..","..","..","..","..","..","..","..","..","..","..","..","..","..","..","..","..","..","..","..","..","..","..","..","..","..","..","..","..","..","..","..","..","..","..","..","..","..","..","..","..","..","..","..","..","..","..","..","..","..","..","..","..","..","..","..","..","..","..","..","..","..","..","..","..","..","..","..","..","..","..","..","..","..","..","..","..","..","..","..","..","..","..","..","..","..","..","..","..","..","..","..","..","..","..","..","..","..","..","..","..","..","..","..","..","..","..","..","..",".."
"Nova Scotia","372,356","372,176","373,030","373,876","374,523","371,115","364,995","365,357","367,229","364,448","364,182","364,390","365,234","369,105","365,677","366,141","367,611","369,920","372,104","379,323","376,820","378,493","378,607","376,720","379,494","376,951","379,409","378,886","378,263","382,290","385,555","383,269","383,516","383,858","383,910","385,116","386,823","384,610","387,153","387,235","389,455","387,353","385,828","386,627","385,404","384,001","384,511","386,009","384,915","388,490","390,220","392,400","392,676","395,401","393,025","393,132","391,528","396,368","397,031","397,168","401,210","398,402","396,652","397,252","397,839","395,041","397,348","394,396","396,725","395,941","396,750","396,707","393,313","395,824","393,201","395,899","392,265","393,010","395,145","395,680","397,355","398,612","398,514","399,882","403,225","401,380","403,188","400,482","403,698","404,034","402,817","402,406","402,593","402,803","402,081","399,450","399,085","400,118","398,380","399,342","399,463","400,101","398,251","399,560","399,807","400,842","400,152","401,093","402,536","403,536","404,546","402,645","403,187","404,442","406,554","406,175","409,727","408,832","408,659","410,856","409,684","407,359","412,768","407,097","405,910","406,934","409,657","407,359","405,283","404,511","404,820","404,651","404,020","403,066","402,126","404,513","404,069","403,594","402,187","403,819","403,525","402,349","402,239","401,567","401,865","402,993","403,980","404,035","400,411","399,749","399,298","398,819","398,202","401,278","400,280","400,188","396,384","400,630","401,496","400,651","401,752","401,708","402,431","402,496","402,295","402,408","401,177","400,030","401,823","401,480","402,673","401,395","402,967","403,856","407,045","401,765","402,056","402,449","404,040","403,313","403,110","402,166","402,122","404,518","405,994","406,508","404,250","404,967","406,055","405,516","406,362","406,308","406,021","405,923","406,418","407,317","409,455","409,929","411,714","412,180","411,568","410,725","409,512","411,267","411,118","412,873","410,565","411,463","412,822","415,581","414,199","415,047","416,122","413,355","414,189","416,375","417,787","418,656","420,144","422,073","423,255","423,911","425,007","423,794","423,494","425,962","425,659","425,834","425,462","425,246","406,941","363,664","350,225","371,690","383,769","393,127","400,327","406,398","408,567","408,601","412,561","413,799","417,425","418,399","408,328","411,090","418,976","419,088","419,899","422,498","425,635","427,267","425,942","429,904","433,481","437,494","439,875","439,728","437,217","438,002","440,086","438,884","442,639","445,121","446,305","447,105","445,324","442,177","451,229","451,551","451,819","450,683","450,781","454,704","451,214","450,925","454,589","454,109","456,707","456,877","456,919","459,286","458,922","460,217","460,880","459,714","459,375","462,495","460,830","460,027","460,911","460,993","462,626","465,433","465,930","463,602","466,787","465,538","467,374","466,807","..","..","..","..","..","..","..","..","..","..","..","..","..","..","..","..","..","..","..","..","..","..","..","..","..","..","..","..","..","..","..","..","..","..","..","..","..","..","..","..","..","..","..","..","..","..","..","..","..","..","..","..","..","..","..","..","..","..","..","..","..","..","..","..","..","..","..","..","..","..","..","..","..","..","..","..","..","..","..","..","..","..","..","..","..","..","..","..","..","..","..","..","..","..","..","..","..","..","..","..","..","..","..","..","..","..","..","..","..","..","..","..","..","..","..","..","..","..","..","..","..","..","..","..","..","..","..","..","..","..","..","..","..","..","..","..","..","..","..","..","..","..","..","..","..","..","..","..","..","..","..","..","..","..","..","..","..","..","..","..","..","..","..","..","..","..","..","..","..","..","..","..","..","..","..","..","..","..","..","..","..","..","..","..","..","..","..","..","..","..","..","..","..","..","..","..","..","..","..","..","..","..","..","..","..","..","..","..","..","..","..","..","..","..","..","..","..","..","..","..","..","..","..","..","..","..","..","..","..","..","..","..","..","..","..","..","..","..","..","..","..","..","..","..","..","..","..","..","..","..","..","..","..","..","..","..","..","..","..","..","..","..","..","..","..","..","..","..","..","..","..","..","..","..","..","..","..","..","..","..","..","..","..","..","..","..","..","..","..","..","..","..","..","..","..","..","..","..","..",".."
"New Brunswick","297,327","297,514","297,723","296,733","295,210","296,172","290,723","294,120","293,399","293,939","293,444","290,174","292,234","293,380","292,648","294,942","295,159","295,995","297,848","301,397","300,236","297,188","300,051","300,919","304,788","305,379","304,485","304,114","304,373","305,213","307,930","305,803","306,631","308,843","305,294","304,883","306,692","303,759","305,443","305,543","307,709","306,557","307,463","302,942","301,346","304,480","303,004","303,953","300,904","301,914","302,961","304,180","304,407","304,526","304,311","305,046","308,667","306,811","309,267","312,454","310,232","311,539","310,597","310,093","309,820","310,213","306,720","308,794","307,305","307,148","309,837","309,897","311,539","310,488","311,332","310,177","309,797","307,878","307,504","311,746","312,845","311,230","312,775","308,965","313,887","313,922","314,468","313,211","314,981","316,691","315,309","314,469","313,676","316,071","313,844","312,410","313,543","314,213","311,297","312,297","310,152","312,408","313,298","310,415","312,699","314,214","314,582","316,584","314,793","316,599","317,010","319,334","321,241","319,974","325,697","322,274","322,159","322,583","319,414","321,654","320,791","316,114","319,997","319,021","316,662","318,292","317,642","316,288","319,223","316,806","316,737","316,972","314,675","315,142","314,124","314,002","315,297","314,518","312,772","313,617","310,717","310,085","311,256","309,796","310,268","310,224","310,178","311,365","309,460","309,218","308,517","310,535","307,341","308,491","307,389","303,040","305,323","303,800","304,371","299,087","302,741","302,261","302,608","302,197","301,191","300,493","299,510","300,517","303,270","302,660","301,464","303,992","301,576","300,520","304,248","301,889","304,958","307,069","306,461","308,044","305,910","305,507","306,649","306,474","308,299","308,985","307,586","307,730","309,868","307,990","309,102","312,628","309,331","309,876","309,942","310,958","310,200","314,912","312,684","313,435","313,262","312,447","314,043","313,703","313,482","315,157","316,188","314,401","317,329","317,658","316,672","320,484","319,927","322,483","323,303","321,428","322,392","323,036","323,033","322,945","325,837","325,802","327,654","327,930","327,911","327,033","324,997","324,382","326,429","325,434","311,483","277,257","278,459","297,091","308,146","310,235","319,693","322,365","322,455","324,641","325,693","323,584","326,251","331,038","327,689","330,089","332,783","330,924","333,821","334,092","334,897","339,195","334,045","337,304","338,781","341,541","341,385","343,516","344,386","344,516","348,244","348,206","348,940","350,585","349,760","352,103","352,560","346,704","352,384","353,411","352,582","353,338","353,587","354,416","355,766","355,769","355,828","355,715","355,278","356,119","357,242","354,291","357,265","359,478","358,098","359,425","360,077","361,322","365,093","363,713","363,626","364,076","364,550","364,334","365,677","365,271","364,956","366,225","365,704","366,835","..","..","..","..","..","..","..","..","..","..","..","..","..","..","..","..","..","..","..","..","..","..","..","..","..","..","..","..","..","..","..","..","..","..","..","..","..","..","..","..","..","..","..","..","..","..","..","..","..","..","..","..","..","..","..","..","..","..","..","..","..","..","..","..","..","..","..","..","..","..","..","..","..","..","..","..","..","..","..","..","..","..","..","..","..","..","..","..","..","..","..","..","..","..","..","..","..","..","..","..","..","..","..","..","..","..","..","..","..","..","..","..","..","..","..","..","..","..","..","..","..","..","..","..","..","..","..","..","..","..","..","..","..","..","..","..","..","..","..","..","..","..","..","..","..","..","..","..","..","..","..","..","..","..","..","..","..","..","..","..","..","..","..","..","..","..","..","..","..","..","..","..","..","..","..","..","..","..","..","..","..","..","..","..","..","..","..","..","..","..","..","..","..","..","..","..","..","..","..","..","..","..","..","..","..","..","..","..","..","..","..","..","..","..","..","..","..","..","..","..","..","..","..","..","..","..","..","..","..","..","..","..","..","..","..","..","..","..","..","..","..","..","..","..","..","..","..","..","..","..","..","..","..","..","..","..","..","..","..","..","..","..","..","..","..","..","..","..","..","..","..","..","..","..","..","..","..","..","..","..","..","..","..","..","..","..","..","..","..","..","..","..","..","..","..","..","..","..","..",".."
"Quebec","3,089,642","3,092,154","3,060,291","3,067,166","3,071,035","3,045,558","3,047,003","3,060,809","3,055,465","3,062,529","3,054,241","3,060,240","3,050,707","3,065,441","3,078,597","3,090,752","3,097,426","3,112,537","3,115,468","3,141,400","3,135,449","3,139,594","3,151,367","3,149,835","3,153,045","3,170,700","3,185,908","3,174,759","3,168,931","3,191,573","3,166,835","3,170,204","3,169,484","3,171,740","3,180,871","3,183,003","3,206,402","3,184,608","3,186,363","3,192,405","3,222,295","3,214,821","3,232,583","3,211,432","3,225,417","3,228,933","3,216,972","3,227,267","3,238,360","3,236,901","3,248,763","3,253,516","3,242,597","3,240,268","3,244,760","3,251,932","3,248,504","3,261,859","3,273,385","3,270,108","3,287,092","3,300,303","3,304,685","3,315,143","3,304,050","3,310,917","3,308,101","3,311,212","3,314,259","3,311,150","3,321,504","3,339,460","3,348,453","3,347,549","3,346,673","3,346,100","3,359,712","3,364,238","3,366,126","3,363,787","3,362,289","3,371,116","3,366,759","3,363,656","3,387,705","3,387,374","3,386,613","3,394,265","3,397,580","3,399,708","3,395,707","3,402,615","3,406,366","3,401,760","3,397,541","3,391,281","3,364,193","3,374,522","3,368,937","3,355,725","3,353,728","3,361,627","3,375,651","3,357,652","3,364,265","3,374,283","3,371,434","3,371,399","3,372,277","3,369,294","3,382,692","3,393,370","3,396,727","3,402,823","3,409,423","3,411,455","3,412,836","3,412,084","3,409,441","3,421,206","3,418,691","3,421,437","3,423,646","3,425,974","3,423,803","3,440,320","3,439,972","3,435,302","3,447,893","3,451,688","3,460,422","3,452,768","3,445,566","3,449,227","3,452,734","3,464,139","3,477,373","3,482,152","3,494,914","3,491,496","3,497,427","3,499,295","3,497,211","3,493,961","3,505,113","3,493,379","3,490,051","3,496,737","3,487,477","3,460,786","3,485,848","3,500,230","3,497,831","3,498,773","3,494,526","3,491,736","3,487,092","3,487,613","3,494,154","3,481,164","3,497,327","3,495,481","3,485,459","3,504,990","3,502,997","3,499,566","3,500,078","3,499,377","3,494,497","3,502,781","3,503,618","3,509,797","3,511,123","3,501,243","3,492,007","3,507,562","3,511,991","3,512,702","3,509,240","3,505,852","3,521,037","3,513,865","3,520,908","3,531,483","3,539,870","3,557,605","3,557,321","3,554,735","3,569,032","3,575,346","3,574,616","3,582,184","3,580,312","3,586,089","3,584,625","3,592,352","3,600,126","3,615,356","3,630,755","3,645,492","3,646,116","3,647,382","3,660,364","3,670,176","3,672,931","3,677,399","3,688,750","3,691,262","3,704,090","3,715,300","3,718,441","3,711,667","3,731,808","3,746,627","3,750,959","3,749,243","3,774,429","3,783,241","3,792,002","3,784,243","3,806,209","3,817,538","3,829,907","3,835,166","3,840,561","3,845,483","3,847,435","3,855,645","3,858,710","3,861,529","3,575,805","3,107,444","3,113,009","3,286,242","3,498,421","3,576,803","3,654,482","3,666,089","3,620,183","3,629,563","3,591,983","3,612,684","3,672,431","3,696,030","3,699,081","3,774,375","3,804,951","3,833,204","3,845,582","3,864,115","3,884,872","3,888,185","3,873,952","3,897,486","3,954,381","3,943,003","3,958,176","3,987,544","3,981,776","3,976,721","3,999,211","4,007,807","4,020,126","4,031,745","4,037,221","4,035,438","4,039,068","4,011,446","4,054,120","4,059,577","4,058,793","4,058,883","4,063,353","4,065,994","4,003,244","4,052,122","4,054,408","4,062,797","4,063,706","4,056,640","4,066,626","4,067,968","4,080,943","4,079,382","4,087,981","4,085,164","4,077,904","4,094,041","4,094,761","4,094,904","4,083,219","4,073,663","4,074,630","4,074,185","4,075,066","4,084,125","4,087,545","4,081,104","4,084,818","4,081,113","..","..","..","..","..","..","..","..","..","..","..","..","..","..","..","..","..","..","..","..","..","..","..","..","..","..","..","..","..","..","..","..","..","..","..","..","..","..","..","..","..","..","..","..","..","..","..","..","..","..","..","..","..","..","..","..","..","..","..","..","..","..","..","..","..","..","..","..","..","..","..","..","..","..","..","..","..","..","..","..","..","..","..","..","..","..","..","..","..","..","..","..","..","..","..","..","..","..","..","..","..","..","..","..","..","..","..","..","..","..","..","..","..","..","..","..","..","..","..","..","..","..","..","..","..","..","..","..","..","..","..","..","..","..","..","..","..","..","..","..","..","..","..","..","..","..","..","..","..","..","..","..","..","..","..","..","..","..","..","..","..","..","..","..","..","..","..","..","..","..","..","..","..","..","..","..","..","..","..","..","..","..","..","..","..","..","..","..","..","..","..","..","..","..","..","..","..","..","..","..","..","..","..","..","..","..","..","..","..","..","..","..","..","..","..","..","..","..","..","..","..","..","..","..","..","..","..","..","..","..","..","..","..","..","..","..","..","..","..","..","..","..","..","..","..","..","..","..","..","..","..","..","..","..","..","..","..","..","..","..","..","..","..","..","..","..","..","..","..","..","..","..","..","..","..","..","..","..","..","..","..","..","..","..","..","..","..","..","..","..","..","..","..","..","..","..","..","..","..",".."
"Ontario","4,998,952","5,067,057","5,058,128","5,056,723","5,076,823","5,068,665","5,026,272","5,050,811","5,025,382","5,040,554","5,032,226","5,045,080","5,055,777","5,093,576","5,089,736","5,097,320","5,128,638","5,138,201","5,161,467","5,200,815","5,184,821","5,170,720","5,189,679","5,189,223","5,228,962","5,211,067","5,234,287","5,230,540","5,248,077","5,240,782","5,239,647","5,245,611","5,233,974","5,258,599","5,258,621","5,252,097","5,269,839","5,263,932","5,299,194","5,324,381","5,311,053","5,326,388","5,341,789","5,305,021","5,335,725","5,343,386","5,345,520","5,374,485","5,370,953","5,382,050","5,364,669","5,389,351","5,384,866","5,411,956","5,413,745","5,430,446","5,447,262","5,437,731","5,455,429","5,468,458","5,487,280","5,494,936","5,510,065","5,508,633","5,521,780","5,532,248","5,518,538","5,514,198","5,533,338","5,497,856","5,560,697","5,561,178","5,582,067","5,591,811","5,588,337","5,596,434","5,603,605","5,610,312","5,604,593","5,619,761","5,611,877","5,640,729","5,644,113","5,640,876","5,692,121","5,691,139","5,699,953","5,706,612","5,722,616","5,724,842","5,713,138","5,722,935","5,710,483","5,716,336","5,678,847","5,659,578","5,641,743","5,607,483","5,585,309","5,566,475","5,554,489","5,536,802","5,559,025","5,526,801","5,551,171","5,573,672","5,562,489","5,572,888","5,574,198","5,582,064","5,591,798","5,610,095","5,607,286","5,625,921","5,654,142","5,630,833","5,661,366","5,666,272","5,668,649","5,688,388","5,679,244","5,698,832","5,703,866","5,703,932","5,689,940","5,722,318","5,725,451","5,730,469","5,748,408","5,736,431","5,742,758","5,740,438","5,745,890","5,740,888","5,763,383","5,781,959","5,805,279","5,812,406","5,802,542","5,823,762","5,811,016","5,796,955","5,820,124","5,807,742","5,802,009","5,812,003","5,829,010","5,825,572","5,819,084","5,828,340","5,844,235","5,883,806","5,868,778","5,874,082","5,875,572","5,876,052","5,887,406","5,878,802","5,885,216","5,888,630","5,919,139","5,927,204","5,949,682","5,955,341","5,954,040","5,967,654","5,957,341","5,957,612","5,990,918","5,992,512","5,995,283","6,024,196","6,041,996","6,039,180","6,071,297","6,057,157","6,060,323","6,112,167","6,086,235","6,110,272","6,110,150","6,121,451","6,134,792","6,167,667","6,171,601","6,197,419","6,196,934","6,192,052","6,221,084","6,216,818","6,235,620","6,266,299","6,252,297","6,282,703","6,296,248","6,299,363","6,311,713","6,351,581","6,340,813","6,357,026","6,381,550","6,363,574","6,374,153","6,396,007","6,396,772","6,413,704","6,435,911","6,438,041","6,473,737","6,486,564","6,483,971","6,510,227","6,517,309","6,545,128","6,545,214","6,539,569","6,565,357","6,580,227","6,591,282","6,599,791","6,614,242","6,601,617","6,624,462","6,644,253","6,620,533","6,621,527","6,637,994","6,635,568","6,660,871","6,653,995","6,303,879","5,604,930","5,288,842","5,521,769","5,802,895","5,942,593","6,079,548","6,172,012","6,159,688","6,190,207","6,112,065","6,105,380","6,220,656","6,289,224","6,128,836","6,217,553","6,392,809","6,432,710","6,468,449","6,529,767","6,555,667","6,614,908","6,598,828","6,652,863","6,691,311","6,781,967","6,751,745","6,803,957","6,824,282","6,832,240","6,865,756","6,872,742","6,883,126","6,912,423","6,924,483","6,946,618","6,953,781","6,936,620","6,970,128","6,992,124","6,991,889","7,001,156","7,022,936","7,014,995","7,012,777","7,012,871","7,026,907","7,031,833","7,052,837","7,086,428","7,076,713","7,055,332","7,069,822","7,081,880","7,052,465","7,044,918","7,044,938","7,066,906","7,086,841","7,054,078","7,036,917","7,055,935","7,056,690","7,043,509","7,063,088","7,078,750","7,043,266","7,058,630","7,047,547","7,021,887","..","..","..","..","..","..","..","..","..","..","..","..","..","..","..","..","..","..","..","..","..","..","..","..","..","..","..","..","..","..","..","..","..","..","..","..","..","..","..","..","..","..","..","..","..","..","..","..","..","..","..","..","..","..","..","..","..","..","..","..","..","..","..","..","..","..","..","..","..","..","..","..","..","..","..","..","..","..","..","..","..","..","..","..","..","..","..","..","..","..","..","..","..","..","..","..","..","..","..","..","..","..","..","..","..","..","..","..","..","..","..","..","..","..","..","..","..","..","..","..","..","..","..","..","..","..","..","..","..","..","..","..","..","..","..","..","..","..","..","..","..","..","..","..","..","..","..","..","..","..","..","..","..","..","..","..","..","..","..","..","..","..","..","..","..","..","..","..","..","..","..","..","..","..","..","..","..","..","..","..","..","..","..","..","..","..","..","..","..","..","..","..","..","..","..","..","..","..","..","..","..","..","..","..","..","..","..","..","..","..","..","..","..","..","..","..","..","..","..","..","..","..","..","..","..","..","..","..","..","..","..","..","..","..","..","..","..","..","..","..","..","..","..","..","..","..","..","..","..","..","..","..","..","..","..","..","..","..","..","..","..","..","..","..","..","..","..","..","..","..","..","..","..","..","..","..","..","..","..","..","..","..","..","..","..","..","..","..","..","..","..","..","..","..","..","..","..","..","..",".."
"Manitoba","493,660","497,511","493,286","493,531","497,178","494,697","492,564","495,417","492,539","495,844","498,488","496,922","499,666","503,097","507,489","503,393","505,699","506,477","503,530","507,875","506,218","507,837","511,332","513,013","512,235","510,693","511,823","515,448","514,271","514,570","516,326","516,628","516,647","517,281","514,522","511,708","517,413","513,223","515,707","514,709","513,174","515,645","519,541","516,418","516,231","515,878","514,818","519,039","515,771","519,680","515,476","518,949","519,314","520,705","517,778","518,886","521,739","524,247","521,151","523,583","527,352","527,726","528,694","530,866","532,077","531,188","528,749","529,399","532,466","529,171","535,922","537,552","539,551","537,197","540,924","539,248","541,785","543,546","544,677","545,596","546,056","546,713","549,731","547,788","552,515","555,528","555,748","557,669","555,761","555,877","558,021","560,216","560,645","563,590","559,792","559,849","560,579","558,405","557,054","555,748","558,136","558,518","559,075","553,361","554,636","553,745","553,440","558,239","553,891","553,732","555,113","556,634","557,074","555,885","558,165","556,158","557,969","561,167","561,199","562,894","562,955","561,845","561,082","561,931","561,398","565,076","564,692","563,656","564,961","565,299","568,554","569,785","568,456","570,144","571,665","572,838","572,860","577,046","574,844","577,991","575,731","575,264","579,129","575,718","574,567","583,633","586,922","587,799","587,936","586,996","588,778","594,032","591,063","594,857","587,090","584,042","583,598","581,979","581,959","581,960","584,413","583,308","589,214","586,286","589,290","587,732","582,960","584,293","587,515","588,147","587,790","590,246","590,919","590,117","589,303","588,449","589,692","589,131","591,307","593,964","593,361","588,480","590,761","594,400","592,777","595,674","594,603","596,207","598,702","600,200","598,310","602,391","600,597","602,016","601,819","600,389","603,678","606,085","609,319","608,358","610,041","608,978","609,500","611,144","608,745","612,650","614,563","611,554","614,397","619,242","615,232","619,552","615,875","620,859","622,689","620,168","621,158","619,983","621,557","619,511","624,767","622,849","623,588","623,326","620,708","620,349","622,810","620,011","627,353","619,175","592,197","541,850","520,030","536,449","564,542","577,553","583,564","590,025","582,330","575,591","579,645","585,651","593,739","599,938","597,029","590,045","603,113","605,326","607,332","610,797","611,300","615,914","616,617","617,565","619,263","620,127","618,570","623,546","624,513","628,221","629,668","631,046","631,655","636,020","635,743","635,170","635,547","631,791","640,077","644,939","646,195","642,781","644,631","643,022","642,559","639,907","640,231","640,614","641,891","640,883","645,534","642,729","645,322","646,039","644,239","644,193","642,502","642,507","644,230","642,010","640,860","639,584","643,162","642,083","642,911","643,781","644,086","645,586","643,930","641,558","..","..","..","..","..","..","..","..","..","..","..","..","..","..","..","..","..","..","..","..","..","..","..","..","..","..","..","..","..","..","..","..","..","..","..","..","..","..","..","..","..","..","..","..","..","..","..","..","..","..","..","..","..","..","..","..","..","..","..","..","..","..","..","..","..","..","..","..","..","..","..","..","..","..","..","..","..","..","..","..","..","..","..","..","..","..","..","..","..","..","..","..","..","..","..","..","..","..","..","..","..","..","..","..","..","..","..","..","..","..","..","..","..","..","..","..","..","..","..","..","..","..","..","..","..","..","..","..","..","..","..","..","..","..","..","..","..","..","..","..","..","..","..","..","..","..","..","..","..","..","..","..","..","..","..","..","..","..","..","..","..","..","..","..","..","..","..","..","..","..","..","..","..","..","..","..","..","..","..","..","..","..","..","..","..","..","..","..","..","..","..","..","..","..","..","..","..","..","..","..","..","..","..","..","..","..","..","..","..","..","..","..","..","..","..","..","..","..","..","..","..","..","..","..","..","..","..","..","..","..","..","..","..","..","..","..","..","..","..","..","..","..","..","..","..","..","..","..","..","..","..","..","..","..","..","..","..","..","..","..","..","..","..","..","..","..","..","..","..","..","..","..","..","..","..","..","..","..","..","..","..","..","..","..","..","..","..","..","..","..","..","..","..","..","..","..","..","..","..",".."
"Saskatchewan","375,599","375,966","374,679","374,427","376,305","373,905","373,040","371,754","374,354","373,628","373,739","374,327","376,902","376,604","375,673","373,877","374,277","375,273","374,575","378,573","376,073","375,904","376,971","374,079","375,296","377,882","380,132","382,014","382,240","382,944","383,795","384,863","384,095","385,872","385,971","387,755","387,977","385,210","387,500","389,967","389,207","390,915","393,363","393,644","395,151","396,903","394,658","395,494","393,603","396,679","397,721","397,385","400,121","402,422","402,036","402,163","402,624","401,920","402,371","405,879","409,537","417,023","408,696","409,689","410,962","411,460","409,954","409,468","409,842","408,750","416,984","413,721","418,933","417,622","416,601","418,363","418,726","418,891","422,935","423,922","424,984","428,777","425,023","428,923","431,804","431,244","433,620","433,705","432,713","434,564","433,876","435,164","435,877","436,917","437,735","440,039","439,220","440,783","441,455","440,634","441,457","440,860","440,247","437,223","438,565","440,061","441,292","438,344","437,331","439,026","440,259","440,749","441,028","441,045","443,649","444,281","445,353","446,592","445,152","448,603","450,277","449,342","448,896","449,056","450,989","453,101","451,920","455,558","459,393","459,841","462,715","462,712","461,677","462,416","463,604","467,613","469,128","472,146","473,293","471,821","472,548","473,824","473,567","472,843","475,060","476,112","477,053","479,396","477,410","478,427","479,208","481,341","480,774","480,899","483,798","481,230","482,256","482,030","484,123","482,148","484,011","484,586","486,638","487,242","485,329","484,499","482,812","484,206","484,361","485,734","484,863","485,543","486,711","484,207","484,858","481,783","482,027","482,311","482,107","482,851","478,872","476,178","477,659","477,696","478,708","481,018","477,933","476,017","476,392","477,600","475,710","474,013","474,710","473,993","472,297","473,885","473,622","475,362","476,115","476,843","477,099","475,798","473,058","475,580","473,887","476,095","476,602","476,058","476,446","479,615","476,809","477,030","477,389","476,441","479,880","477,900","480,729","480,517","481,749","481,533","482,841","482,645","482,486","482,691","482,146","480,921","480,735","482,319","481,433","481,382","463,502","414,663","403,198","419,151","433,874","445,491","451,862","456,850","460,469","458,195","457,499","462,705","464,232","469,880","466,957","468,717","473,897","475,345","475,459","482,333","481,178","483,299","487,061","486,562","486,541","489,775","491,325","493,916","493,938","494,147","495,198","496,727","499,279","501,207","505,675","504,500","504,945","504,607","505,269","508,068","506,884","506,376","507,243","508,065","505,855","507,007","506,138","506,338","510,380","511,761","514,070","512,064","513,531","515,585","517,995","518,067","520,554","522,832","520,051","520,615","520,555","523,171","526,378","525,409","524,208","525,225","526,640","528,780","531,315","530,249","..","..","..","..","..","..","..","..","..","..","..","..","..","..","..","..","..","..","..","..","..","..","..","..","..","..","..","..","..","..","..","..","..","..","..","..","..","..","..","..","..","..","..","..","..","..","..","..","..","..","..","..","..","..","..","..","..","..","..","..","..","..","..","..","..","..","..","..","..","..","..","..","..","..","..","..","..","..","..","..","..","..","..","..","..","..","..","..","..","..","..","..","..","..","..","..","..","..","..","..","..","..","..","..","..","..","..","..","..","..","..","..","..","..","..","..","..","..","..","..","..","..","..","..","..","..","..","..","..","..","..","..","..","..","..","..","..","..","..","..","..","..","..","..","..","..","..","..","..","..","..","..","..","..","..","..","..","..","..","..","..","..","..","..","..","..","..","..","..","..","..","..","..","..","..","..","..","..","..","..","..","..","..","..","..","..","..","..","..","..","..","..","..","..","..","..","..","..","..","..","..","..","..","..","..","..","..","..","..","..","..","..","..","..","..","..","..","..","..","..","..","..","..","..","..","..","..","..","..","..","..","..","..","..","..","..","..","..","..","..","..","..","..","..","..","..","..","..","..","..","..","..","..","..","..","..","..","..","..","..","..","..","..","..","..","..","..","..","..","..","..","..","..","..","..","..","..","..","..","..","..","..","..","..","..","..","..","..","..","..","..","..","..","..","..","..","..","..","..",".."
"Alberta","1,391,061","1,398,803","1,403,679","1,413,020","1,421,869","1,419,522","1,430,611","1,415,220","1,410,865","1,414,808","1,421,193","1,420,351","1,433,304","1,439,816","1,436,957","1,439,147","1,441,072","1,446,876","1,450,568","1,463,453","1,462,343","1,464,664","1,465,609","1,469,140","1,472,656","1,469,646","1,478,225","1,476,945","1,477,192","1,480,060","1,479,471","1,480,053","1,482,842","1,493,150","1,492,473","1,490,772","1,497,359","1,495,920","1,506,776","1,514,995","1,520,465","1,523,500","1,529,349","1,535,330","1,545,758","1,547,108","1,553,172","1,565,095","1,566,839","1,574,465","1,577,429","1,588,089","1,598,835","1,599,163","1,609,511","1,614,165","1,616,422","1,621,499","1,624,040","1,632,293","1,647,680","1,660,839","1,665,088","1,676,883","1,687,597","1,701,212","1,697,659","1,696,409","1,707,229","1,709,357","1,727,728","1,739,626","1,749,489","1,755,042","1,760,294","1,756,477","1,756,709","1,765,923","1,763,833","1,767,911","1,766,701","1,773,773","1,774,379","1,771,868","1,782,562","1,781,419","1,796,733","1,801,140","1,798,537","1,805,179","1,808,743","1,820,520","1,818,714","1,823,292","1,815,271","1,808,708","1,794,642","1,785,517","1,763,462","1,754,621","1,755,941","1,744,592","1,745,902","1,726,632","1,732,893","1,730,367","1,729,376","1,728,977","1,745,245","1,745,695","1,750,668","1,756,695","1,756,994","1,765,453","1,771,820","1,771,824","1,779,005","1,788,384","1,785,299","1,797,232","1,796,277","1,805,055","1,811,314","1,821,966","1,820,844","1,836,689","1,844,747","1,847,238","1,857,284","1,861,522","1,870,769","1,881,022","1,884,494","1,888,586","1,900,423","1,908,683","1,929,305","1,937,958","1,939,997","1,949,304","1,950,025","1,947,527","1,956,736","1,950,870","1,958,255","1,971,351","1,981,390","1,984,114","1,989,562","1,990,119","2,001,698","2,009,262","2,007,942","2,017,616","2,021,667","2,020,716","2,028,511","2,034,017","2,040,318","2,048,700","2,055,129","2,066,204","2,069,970","2,082,834","2,087,520","2,089,772","2,080,359","2,084,632","2,087,733","2,072,598","2,066,631","2,062,196","2,060,779","2,044,656","2,045,265","2,031,676","2,032,969","2,029,344","2,026,159","2,024,322","2,004,289","1,992,994","1,991,853","1,994,290","1,976,165","1,979,293","1,979,173","1,967,154","1,967,214","1,962,059","1,961,938","1,968,984","1,967,383","1,980,427","1,977,434","1,979,963","1,989,133","2,002,015","2,003,945","2,007,931","2,010,185","2,007,824","2,007,978","2,010,286","2,013,087","2,014,666","2,021,773","2,022,547","2,027,608","2,027,589","2,014,199","2,016,259","2,013,454","2,018,696","2,020,293","2,018,198","2,028,305","2,035,005","2,032,885","2,032,634","2,032,481","2,029,494","2,033,789","2,031,928","2,029,384","2,031,215","2,030,520","2,032,161","2,029,876","2,021,627","1,917,990","1,700,749","1,616,907","1,674,836","1,761,926","1,793,111","1,821,678","1,847,372","1,847,334","1,852,961","1,825,301","1,853,997","1,883,019","1,897,298","1,862,194","1,886,842","1,925,546","1,935,519","1,940,564","1,955,154","1,961,533","1,975,887","1,982,612","1,995,115","2,007,466","2,032,192","2,028,904","2,039,298","2,049,337","2,048,632","2,058,550","2,060,576","2,073,028","2,080,814","2,091,331","2,101,563","2,099,871","2,102,778","2,111,847","2,117,132","2,121,166","2,117,881","2,128,647","2,126,133","2,126,506","2,128,480","2,131,655","2,135,280","2,145,068","2,145,521","2,151,759","2,153,578","2,157,411","2,163,788","2,162,663","2,170,546","2,169,986","2,177,581","2,174,585","2,170,960","2,174,979","2,177,195","2,180,040","2,186,385","2,194,988","2,189,351","2,188,307","2,190,178","2,194,777","2,196,293","..","..","..","..","..","..","..","..","..","..","..","..","..","..","..","..","..","..","..","..","..","..","..","..","..","..","..","..","..","..","..","..","..","..","..","..","..","..","..","..","..","..","..","..","..","..","..","..","..","..","..","..","..","..","..","..","..","..","..","..","..","..","..","..","..","..","..","..","..","..","..","..","..","..","..","..","..","..","..","..","..","..","..","..","..","..","..","..","..","..","..","..","..","..","..","..","..","..","..","..","..","..","..","..","..","..","..","..","..","..","..","..","..","..","..","..","..","..","..","..","..","..","..","..","..","..","..","..","..","..","..","..","..","..","..","..","..","..","..","..","..","..","..","..","..","..","..","..","..","..","..","..","..","..","..","..","..","..","..","..","..","..","..","..","..","..","..","..","..","..","..","..","..","..","..","..","..","..","..","..","..","..","..","..","..","..","..","..","..","..","..","..","..","..","..","..","..","..","..","..","..","..","..","..","..","..","..","..","..","..","..","..","..","..","..","..","..","..","..","..","..","..","..","..","..","..","..","..","..","..","..","..","..","..","..","..","..","..","..","..","..","..","..","..","..","..","..","..","..","..","..","..","..","..","..","..","..","..","..","..","..","..","..","..","..","..","..","..","..","..","..","..","..","..","..","..","..","..","..","..","..","..","..","..","..","..","..","..","..","..","..","..","..","..","..","..","..","..","..",".."
"British Columbia","1,618,193","1,622,079","1,620,379","1,616,642","1,630,097","1,625,057","1,621,043","1,627,967","1,622,078","1,617,748","1,610,338","1,613,861","1,615,298","1,620,539","1,615,691","1,616,054","1,614,696","1,610,353","1,620,967","1,626,476","1,631,367","1,634,970","1,630,871","1,629,179","1,643,312","1,644,125","1,661,442","1,650,672","1,648,272","1,655,478","1,655,933","1,655,681","1,650,354","1,657,989","1,666,067","1,672,838","1,672,909","1,673,385","1,676,564","1,689,723","1,690,357","1,694,534","1,695,725","1,699,510","1,710,122","1,712,165","1,716,062","1,721,309","1,724,468","1,727,102","1,740,257","1,746,989","1,754,019","1,766,159","1,762,017","1,761,603","1,766,337","1,766,190","1,774,071","1,781,358","1,800,127","1,804,736","1,808,003","1,814,236","1,826,353","1,829,600","1,828,359","1,837,710","1,837,951","1,846,813","1,867,060","1,859,268","1,871,314","1,877,250","1,872,641","1,886,754","1,889,485","1,892,068","1,901,257","1,893,104","1,902,042","1,916,878","1,916,785","1,926,483","1,939,106","1,936,331","1,949,514","1,944,869","1,947,736","1,952,736","1,950,110","1,955,354","1,953,608","1,953,922","1,944,871","1,935,246","1,920,556","1,916,477","1,906,979","1,896,884","1,895,247","1,892,931","1,891,411","1,886,862","1,889,910","1,884,973","1,883,112","1,887,878","1,889,277","1,903,087","1,896,264","1,890,813","1,888,855","1,892,921","1,902,627","1,902,129","1,903,264","1,909,048","1,908,251","1,912,266","1,920,776","1,921,231","1,922,885","1,933,270","1,928,677","1,934,710","1,933,757","1,935,605","1,938,350","1,938,709","1,939,474","1,939,682","1,941,349","1,931,440","1,934,433","1,940,957","1,952,144","1,957,667","1,966,389","1,964,075","1,972,312","1,966,973","1,967,697","1,966,745","1,963,117","1,979,086","1,982,932","1,986,938","1,984,333","1,988,623","1,992,687","2,001,263","2,004,924","2,005,942","2,010,920","2,009,655","2,004,583","2,002,976","2,013,167","2,015,798","2,021,478","2,026,207","2,033,232","2,043,408","2,029,865","2,042,640","2,040,466","2,036,913","2,048,514","2,051,675","2,056,925","2,061,785","2,073,640","2,075,741","2,082,227","2,079,619","2,085,445","2,094,836","2,100,760","2,109,539","2,111,067","2,109,318","2,122,114","2,132,072","2,138,367","2,146,518","2,149,631","2,150,628","2,155,251","2,159,592","2,161,781","2,169,996","2,176,829","2,186,533","2,184,416","2,194,691","2,199,977","2,217,012","2,217,604","2,229,802","2,233,917","2,232,175","2,232,563","2,252,768","2,251,503","2,262,734","2,269,661","2,272,364","2,281,317","2,284,350","2,281,667","2,290,176","2,303,158","2,299,839","2,305,581","2,309,287","2,317,540","2,323,048","2,324,820","2,327,474","2,330,801","2,335,619","2,349,069","2,348,424","2,350,450","2,350,505","2,348,905","2,353,433","2,357,201","2,353,195","2,224,458","1,954,827","1,904,013","2,001,905","2,082,988","2,122,679","2,177,315","2,206,294","2,218,399","2,224,962","2,224,055","2,236,005","2,261,152","2,262,607","2,249,916","2,278,564","2,309,893","2,319,658","2,337,986","2,360,957","2,368,765","2,380,530","2,399,217","2,416,203","2,429,421","2,449,359","2,453,421","2,469,038","2,480,072","2,484,503","2,493,681","2,489,514","2,507,108","2,512,959","2,518,147","2,531,561","2,526,272","2,527,682","2,546,791","2,551,744","2,552,930","2,548,722","2,555,329","2,554,015","2,553,516","2,553,141","2,556,680","2,551,751","2,559,125","2,559,040","2,563,686","2,563,064","2,559,735","2,564,574","2,564,091","2,561,914","2,555,159","2,566,481","2,563,469","2,564,541","2,568,390","2,568,134","2,570,685","2,566,446","2,561,643","2,564,063","2,567,807","2,566,321","2,567,070","2,563,198","..","..","..","..","..","..","..","..","..","..","..","..","..","..","..","..","..","..","..","..","..","..","..","..","..","..","..","..","..","..","..","..","..","..","..","..","..","..","..","..","..","..","..","..","..","..","..","..","..","..","..","..","..","..","..","..","..","..","..","..","..","..","..","..","..","..","..","..","..","..","..","..","..","..","..","..","..","..","..","..","..","..","..","..","..","..","..","..","..","..","..","..","..","..","..","..","..","..","..","..","..","..","..","..","..","..","..","..","..","..","..","..","..","..","..","..","..","..","..","..","..","..","..","..","..","..","..","..","..","..","..","..","..","..","..","..","..","..","..","..","..","..","..","..","..","..","..","..","..","..","..","..","..","..","..","..","..","..","..","..","..","..","..","..","..","..","..","..","..","..","..","..","..","..","..","..","..","..","..","..","..","..","..","..","..","..","..","..","..","..","..","..","..","..","..","..","..","..","..","..","..","..","..","..","..","..","..","..","..","..","..","..","..","..","..","..","..","..","..","..","..","..","..","..","..","..","..","..","..","..","..","..","..","..","..","..","..","..","..","..","..","..","..","..","..","..","..","..","..","..","..","..","..","..","..","..","..","..","..","..","..","..","..","..","..","..","..","..","..","..","..","..","..","..","..","..","..","..","..","..","..","..","..","..","..","..","..","..","..","..","..","..","..","..","..","..","..","..","..",".."
"Yukon","14,766","14,681","14,728","14,656","14,633","15,030","14,668","14,975","15,167","15,185","15,134","15,058","15,162","15,362","15,213","15,017","14,800","14,705","15,087","15,121","14,872","14,971","15,403","15,076","15,452","15,320","15,198","15,647","15,714","15,423","15,697","15,599","15,478","15,467","15,200","15,335","15,460","15,523","15,801","15,789","16,129","16,009","15,786","15,661","15,805","15,885","15,850","16,191","15,893","15,957","16,040","15,994","16,047","16,668","16,436","16,617","16,388","16,352","16,424","16,737","16,743","16,819","16,981","16,732","16,807","16,720","16,815","16,778","17,462","17,449","17,730","17,373","17,437","17,497","17,352","17,672","17,379","17,437","17,893","18,214","17,962","18,109","18,029","17,924","18,461","18,354","18,384","18,273","18,563","18,403","18,526","18,327","18,320","18,400","18,281","18,262","18,167","18,067","18,112","18,335","17,889","18,109","18,013","17,815","17,959","18,132","18,119","18,884","18,409","18,613","18,403","18,338","18,509","18,768","18,463","18,482","18,721","18,869","18,910","19,086","18,909","18,971","19,212","19,088","19,307","19,353","19,481","19,350","19,480","19,246","19,623","19,394","19,652","19,510","19,580","19,764","20,148","20,326","20,451","20,367","20,220","20,132","20,041","19,863","19,725","19,878","19,808","20,036","20,082","20,094","19,817","20,122","19,991","19,919","19,768","19,854","19,909","19,837","20,107","20,048","19,900","19,171","19,564","19,936","19,845","19,982","19,741","20,020","19,960","20,274","20,232","20,257","20,112","20,009","20,486","19,755","20,345","20,573","20,687","20,734","20,948","20,744","20,902","21,092","21,098","21,003","21,124","20,278","21,189","21,218","21,442","21,103","21,299","21,215","21,207","21,268","21,421","21,955","21,679","22,228","22,066","21,890","21,906","22,164","21,643","21,775","21,870","21,768","21,922","22,253","22,150","22,257","22,113","21,980","22,067","22,130","22,218","22,305","22,198","22,383","22,467","22,407","22,546","22,482","22,039","22,281","22,358","22,220","22,434","22,590","21,389","20,135","19,094","19,536","20,112","20,845","21,410","21,782","21,796","22,094","22,472","22,581","22,677","23,057","22,487","22,540","22,726","22,634","23,222","23,501","23,503","23,588","23,588","23,561","23,727","23,722","23,255","23,639","23,906","23,998","24,043","24,103","24,282","24,361","24,446","24,425","24,504","24,123","24,725","25,079","24,849","24,925","25,033","24,883","25,053","25,158","25,095","25,121","25,274","25,563","25,677","25,617","25,668","25,216","25,339","25,452","25,272","25,391","25,159","25,190","25,028","25,108","25,378","25,508","25,410","25,584","25,717","25,544","25,396","24,952","..","..","..","..","..","..","..","..","..","..","..","..","..","..","..","..","..","..","..","..","..","..","..","..","..","..","..","..","..","..","..","..","..","..","..","..","..","..","..","..","..","..","..","..","..","..","..","..","..","..","..","..","..","..","..","..","..","..","..","..","..","..","..","..","..","..","..","..","..","..","..","..","..","..","..","..","..","..","..","..","..","..","..","..","..","..","..","..","..","..","..","..","..","..","..","..","..","..","..","..","..","..","..","..","..","..","..","..","..","..","..","..","..","..","..","..","..","..","..","..","..","..","..","..","..","..","..","..","..","..","..","..","..","..","..","..","..","..","..","..","..","..","..","..","..","..","..","..","..","..","..","..","..","..","..","..","..","..","..","..","..","..","..","..","..","..","..","..","..","..","..","..","..","..","..","..","..","..","..","..","..","..","..","..","..","..","..","..","..","..","..","..","..","..","..","..","..","..","..","..","..","..","..","..","..","..","..","..","..","..","..","..","..","..","..","..","..","..","..","..","..","..","..","..","..","..","..","..","..","..","..","..","..","..","..","..","..","..","..","..","..","..","..","..","..","..","..","..","..","..","..","..","..","..","..","..","..","..","..","..","..","..","..","..","..","..","..","..","..","..","..","..","..","..","..","..","..","..","..","..","..","..","..","..","..","..","..","..","..","..","..","..","..","..","..","..","..","..","..",".."
"Northwest Territories","22,562","23,066","22,589","22,386","22,262","22,449","22,219","22,113","22,552","22,833","22,626","22,947","23,140","23,122","23,563","23,144","23,020","23,163","23,729","23,858","23,444","23,245","23,528","23,166","23,442","23,328","23,290","23,630","24,205","24,414","23,644","23,965","23,590","24,131","24,048","24,376","24,341","23,737","23,653","24,448","24,459","24,471","24,669","24,083","24,299","24,334","24,298","24,402","24,886","25,019","25,506","25,481","25,134","25,065","25,129","25,667","25,753","24,905","24,668","24,868","24,453","24,227","24,344","24,162","24,374","24,390","24,548","24,561","25,126","24,755","25,408","25,095","25,226","25,788","25,613","25,547","25,410","25,353","25,269","25,880","25,155","25,889","25,930","25,981","26,235","26,274","26,327","26,457","26,315","26,171","26,199","25,961","26,083","26,346","26,428","26,055","25,923","26,269","26,160","25,743","25,680","25,616","25,748","25,313","26,119","25,985","25,798","26,037","26,487","26,531","26,314","26,329","26,592","26,683","26,832","26,690","27,165","27,394","27,255","27,409","27,411","27,494","27,405","27,814","27,771","27,986","27,728","27,682","27,613","27,330","27,327","27,146","27,047","26,645","26,966","27,197","27,840","27,904","28,012","28,013","27,667","27,905","27,859","28,122","27,984","27,300","27,576","27,481","27,599","27,323","27,286","27,731","27,301","27,482","27,145","27,167","26,219","26,949","26,770","26,561","26,133","26,443","26,398","26,456","26,483","26,752","26,880","26,804","26,652","27,090","27,196","27,231","27,161","27,471","27,692","27,471","27,487","27,377","27,322","27,386","27,251","27,460","27,346","27,051","26,244","26,523","26,812","26,567","26,814","26,504","26,440","26,701","26,583","26,569","26,581","26,849","27,072","27,241","27,264","27,435","27,249","27,101","27,115","26,940","26,963","26,605","26,659","26,879","27,258","27,163","27,327","27,403","27,128","27,101","27,329","26,851","26,963","26,971","26,949","26,519","27,136","26,996","26,953","27,461","26,406","26,318","26,572","26,206","26,529","26,186","25,456","23,182","22,512","22,350","23,504","23,934","24,631","25,280","25,239","25,449","25,507","25,898","26,164","26,586","26,128","26,481","26,528","26,755","26,963","26,898","26,642","26,922","27,040","26,852","26,878","27,019","26,605","26,987","27,194","26,990","27,447","27,874","27,865","28,371","28,438","28,355","28,207","27,908","27,992","27,876","27,634","27,562","26,121","26,937","27,405","27,285","27,403","27,800","28,039","28,057","28,403","27,544","27,983","27,922","27,902","27,859","27,713","27,820","27,614","27,266","27,191","27,173","27,377","27,579","27,724","27,464","27,486","27,782","27,830","27,347","..","..","..","..","..","..","..","..","..","..","..","..","..","..","..","..","..","..","..","..","..","..","..","..","..","..","..","..","..","..","..","..","..","..","..","..","..","..","..","..","..","..","..","..","..","..","..","..","..","..","..","..","..","..","..","..","..","..","..","..","..","..","..","..","..","..","..","..","..","..","..","..","..","..","..","..","..","..","..","..","..","..","..","..","..","..","..","..","..","..","..","..","..","..","..","..","..","..","..","..","..","..","..","..","..","..","..","..","..","..","..","..","..","..","..","..","..","..","..","..","..","..","..","..","..","..","..","..","..","..","..","..","..","..","..","..","..","..","..","..","..","..","..","..","..","..","..","..","..","..","..","..","..","..","..","..","..","..","..","..","..","..","..","..","..","..","..","..","..","..","..","..","..","..","..","..","..","..","..","..","..","..","..","..","..","..","..","..","..","..","..","..","..","..","..","..","..","..","..","..","..","..","..","..","..","..","..","..","..","..","..","..","..","..","..","..","..","..","..","..","..","..","..","..","..","..","..","..","..","..","..","..","..","..","..","..","..","..","..","..","..","..","..","..","..","..","..","..","..","..","..","..","..","..","..","..","..","..","..","..","..","..","..","..","..","..","..","..","..","..","..","..","..","..","..","..","..","..","..","..","..","..","..","..","..","..","..","..","..","..","..","..","..","..","..","..","..","..","..",".."
"Nunavut","12,011","12,055","12,194","12,383","12,366","12,432","12,479","12,133","12,389","12,533","12,577","12,435","12,687","12,586","12,332","12,095","12,156","12,011","11,904","12,410","12,134","12,228","12,309","12,489","12,277","12,356","12,558","12,691","12,596","12,629","12,636","12,492","12,489","12,384","12,302","12,397","12,477","12,632","12,520","12,435","12,701","12,688","12,693","12,679","12,679","13,121","13,161","12,975","12,724","12,772","12,900","12,959","12,692","12,709","12,747","12,757","12,979","12,514","12,491","12,672","13,106","13,103","13,041","12,990","12,838","13,044","13,076","13,286","13,335","13,180","13,479","13,590","13,560","13,186","13,399","13,754","13,908","13,876","13,678","13,526","13,299","13,427","13,553","13,404","13,771","13,854","13,684","13,491","13,470","13,406","13,370","13,377","13,330","13,232","12,955","13,008","12,735","13,011","12,917","13,156","13,285","13,166","13,378","13,212","13,192","13,559","13,256","13,146","13,399","13,316","13,727","13,401","13,993","14,055","14,112","14,000","14,476","14,363","14,341","14,337","14,328","14,466","14,123","14,572","14,383","14,609","14,383","14,459","14,302","14,328","14,527","14,743","14,670","14,468","14,731","14,568","14,011","13,815","14,213","14,530","14,590","14,570","14,869","14,710","14,793","14,846","14,749","14,330","14,625","14,628","14,755","14,695","14,461","14,607","14,459","14,762","14,261","14,283","14,366","14,452","14,379","14,587","14,896","14,805","14,786","14,626","14,500","14,533","14,560","14,706","14,762","14,925","15,054","15,110","14,262","14,418","14,722","14,704","14,697","14,296","14,596","14,667","14,749","14,928","14,974","14,860","14,966","15,062","14,621","14,745","14,797","14,957","15,168","15,275","15,488","15,577","15,537","15,491","15,306","16,032","16,423","16,200","16,199","16,292","16,544","16,169","16,153","16,218","16,536","16,648","16,712","16,480","16,552","16,776","17,005","17,267","16,733","16,925","16,968","16,876","17,187","17,974","17,877","17,818","18,480","18,728","18,695","18,842","18,804","18,523","18,398","17,282","16,775","17,262","17,809","18,364","18,453","18,481","18,461","18,410","18,928","19,272","19,137","19,375","19,287","18,724","18,989","18,867","19,226","19,204","19,885","20,105","19,528","19,974","20,241","20,415","20,333","20,374","19,941","20,137","20,090","20,479","20,132","20,224","20,734","20,586","20,829","20,668","20,457","20,743","21,412","20,869","20,313","20,308","20,784","20,671","20,614","21,010","20,864","21,060","21,690","22,072","22,322","22,018","21,938","21,871","21,284","21,641","21,771","22,104","21,968","22,191","22,146","22,199","22,304","22,227","22,105","21,923","22,145","22,358","..","..","..","..","..","..","..","..","..","..","..","..","..","..","..","..","..","..","..","..","..","..","..","..","..","..","..","..","..","..","..","..","..","..","..","..","..","..","..","..","..","..","..","..","..","..","..","..","..","..","..","..","..","..","..","..","..","..","..","..","..","..","..","..","..","..","..","..","..","..","..","..","..","..","..","..","..","..","..","..","..","..","..","..","..","..","..","..","..","..","..","..","..","..","..","..","..","..","..","..","..","..","..","..","..","..","..","..","..","..","..","..","..","..","..","..","..","..","..","..","..","..","..","..","..","..","..","..","..","..","..","..","..","..","..","..","..","..","..","..","..","..","..","..","..","..","..","..","..","..","..","..","..","..","..","..","..","..","..","..","..","..","..","..","..","..","..","..","..","..","..","..","..","..","..","..","..","..","..","..","..","..","..","..","..","..","..","..","..","..","..","..","..","..","..","..","..","..","..","..","..","..","..","..","..","..","..","..","..","..","..","..","..","..","..","..","..","..","..","..","..","..","..","..","..","..","..","..","..","..","..","..","..","..","..","..","..","..","..","..","..","..","..","..","..","..","..","..","..","..","..","..","..","..","..","..","..","..","..","..","..","..","..","..","..","..","..","..","..","..","..","..","..","..","..","..","..","..","..","..","..","..","..","..","..","..","..","..","..","..","..","..","..","..","..","..","..","..","..",".."

Symbol legend:
.., not available for a specific reference period
A, data quality: excellent
B, data quality: very good
C, data quality: good




Footnotes:
1,"The quality indicators take into account various factors that affect the quality of the data, notably the CV, the non-response errors and the imputation errors. Quality indicators indicate the following: A - Excellent; B - Very good; C - Good; D - Acceptable; E - Use with caution; F - Too unreliable to publish or sample size is too small to produce reliable estimates."
2,"Some series exhibit no clear seasonal pattern. In such cases the data are not adjusted."
3,"The introduction of administrative data in 2001 and the associated change in methodology resulted in level shifts for some series. This affects the comparability of pre- and post-2001 estimates."
4,"Estimates for the latest reference month are preliminary."
5,"Industry estimates in this table are based on the 2022 North American Industry Classification System (NAICS) Version 1.0."
6,"Industrial aggregate covers all industrial sectors except those primarily involved in agriculture, fishing and trapping, private household services, religious organisations and the military personnel of the defence services."
7,"Unclassified businesses (00) are businesses for which the industrial classification (North American Industry Classification System [NAICS] 2022 Version 1.0) has yet to be determined."



"How to cite: Statistics Canada. Table 14-10-0223-01  Employment and average weekly earnings (including overtime) for all employees by province and territory, monthly, seasonally adjusted"
https://www150.statcan.gc.ca/t1/tbl1/en/tv.action?pid=1410022301